New York City Department of Education,,,,,,,,,,,,,,,
NYC Results on the New York State 2013-2016 Math Test (Grades 3-8),,,,,,,,,,,,,,,
District Summary,,,,,,,,,,,,,,,
Results for All Students,,,,,,,,,,,,,,,
 ,,,,,,,,,,,,,,,
,,,,,,Level 1,,Level 2,,Level 3,,Level 4,,Level 3+4,
district,Grade,Year,Category,Number Tested,Mean Scale Score,#,%,#,%,#,%,#,%,#,%
1,3,2013,All Students,887,307,249,28.1,266,30,179,20.2,193,21.8,372,41.9
1,3,2014,All Students,845,308,225,26.6,223,26.4,204,24.1,193,22.8,397,47
1,3,2015,All Students,765,309,221,28.9,175,22.9,168,22,201,26.3,369,48.2
1,3,2016,All Students,743,314,184,24.8,178,24,141,19,240,32.3,381,51.3
1,4,2013,All Students,837,306,240,28.7,252,30.1,173,20.7,172,20.5,345,41.2
1,4,2014,All Students,829,313,216,26.1,209,25.2,169,20.4,235,28.3,404,48.7
1,4,2015,All Students,803,307,229,28.5,206,25.7,154,19.2,214,26.7,368,45.8
1,4,2016,All Students,750,307,244,32.5,160,21.3,131,17.5,215,28.7,346,46.1
1,5,2013,All Students,780,302,315,40.4,213,27.3,136,17.4,116,14.9,252,32.3
1,5,2014,All Students,765,310,236,30.8,212,27.7,155,20.3,162,21.2,317,41.4
1,5,2015,All Students,782,316,237,30.3,156,19.9,166,21.2,223,28.5,389,49.7
1,5,2016,All Students,784,311,262,33.4,170,21.7,150,19.1,202,25.8,352,44.9
1,6,2013,All Students,851,304,249,29.3,279,32.8,149,17.5,174,20.4,323,38
1,6,2014,All Students,744,310,188,25.3,239,32.1,122,16.4,195,26.2,317,42.6
1,6,2015,All Students,765,311,208,27.2,218,28.5,130,17,209,27.3,339,44.3
1,6,2016,All Students,807,313,198,24.5,235,29.1,111,13.8,263,32.6,374,46.3
1,7,2013,All Students,905,305,357,39.4,248,27.4,140,15.5,160,17.7,300,33.1
1,7,2014,All Students,770,306,264,34.3,212,27.5,177,23,117,15.2,294,38.2
1,7,2015,All Students,697,305,247,35.4,211,30.3,135,19.4,104,14.9,239,34.3
1,7,2016,All Students,770,305,272,35.3,220,28.6,134,17.4,144,18.7,278,36.1
1,8,2013,All Students,817,304,265,32.4,261,31.9,145,17.7,146,17.9,291,35.6
1,8,2014,All Students,725,299,263,36.3,252,34.8,130,17.9,80,11,210,29
1,8,2015,All Students,652,295,262,40.2,212,32.5,103,15.8,75,11.5,178,27.3
1,8,2016,All Students,604,287,271,44.9,193,32,84,13.9,56,9.3,140,23.2
1,All Grades,2013,All Students,5077,305,1675,33,1519,29.9,922,18.2,961,18.9,1883,37.1
1,All Grades,2014,All Students,4678,308,1392,29.8,1347,28.8,957,20.5,982,21,1939,41.4
1,All Grades,2015,All Students,4464,308,1404,31.5,1178,26.4,856,19.2,1026,23,1882,42.2
1,All Grades,2016,All Students,4458,307,1431,32.1,1156,25.9,751,16.8,1120,25.1,1871,42
2,3,2013,All Students,2733,323,316,11.6,721,26.4,823,30.1,873,31.9,1696,62.1
2,3,2014,All Students,2828,327,277,9.8,558,19.7,967,34.2,1026,36.3,1993,70.5
2,3,2015,All Students,2844,329,260,9.1,588,20.7,831,29.2,1165,41,1996,70.2
2,3,2016,All Students,2879,333,230,8,546,19,750,26.1,1353,47,2103,73
2,4,2013,All Students,2629,325,294,11.2,566,21.5,809,30.8,960,36.5,1769,67.3
2,4,2014,All Students,2639,330,247,9.4,509,19.3,793,30,1090,41.3,1883,71.4
2,4,2015,All Students,2787,333,231,8.3,515,18.5,794,28.5,1247,44.7,2041,73.2
2,4,2016,All Students,2780,334,231,8.3,492,17.7,719,25.9,1338,48.1,2057,74
2,5,2013,All Students,2468,325,439,17.8,503,20.4,793,32.1,733,29.7,1526,61.8
2,5,2014,All Students,2565,331,325,12.7,482,18.8,777,30.3,981,38.2,1758,68.5
2,5,2015,All Students,2524,335,269,10.7,394,15.6,806,31.9,1055,41.8,1861,73.7
2,5,2016,All Students,2627,333,340,12.9,449,17.1,782,29.8,1056,40.2,1838,70
2,6,2013,All Students,2244,323,287,12.8,594,26.5,590,26.3,773,34.4,1363,60.7
2,6,2014,All Students,2300,327,303,13.2,482,21,535,23.3,980,42.6,1515,65.9
2,6,2015,All Students,2358,331,255,10.8,519,22,526,22.3,1058,44.9,1584,67.2
2,6,2016,All Students,2406,334,254,10.6,489,20.3,454,18.9,1209,50.2,1663,69.1
2,7,2013,All Students,2392,320,459,19.2,661,27.6,734,30.7,538,22.5,1272,53.2
2,7,2014,All Students,2230,327,361,16.2,486,21.8,681,30.5,702,31.5,1383,62
2,7,2015,All Students,2258,330,313,13.9,465,20.6,705,31.2,775,34.3,1480,65.5
2,7,2016,All Students,2317,333,282,12.2,487,21,651,28.1,897,38.7,1548,66.8
2,8,2013,All Students,2226,321,341,15.3,661,29.7,679,30.5,545,24.5,1224,55
2,8,2014,All Students,1895,318,355,18.7,606,32,548,28.9,386,20.4,934,49.3
2,8,2015,All Students,1679,315,354,21.1,515,30.7,453,27,357,21.3,810,48.2
2,8,2016,All Students,1627,314,389,23.9,400,24.6,464,28.5,374,23,838,51.5
2,All Grades,2013,All Students,14692,323,2136,14.5,3706,25.2,4428,30.1,4422,30.1,8850,60.2
2,All Grades,2014,All Students,14457,327,1868,12.9,3123,21.6,4301,29.8,5165,35.7,9466,65.5
2,All Grades,2015,All Students,14450,330,1682,11.6,2996,20.7,4115,28.5,5657,39.1,9772,67.6
2,All Grades,2016,All Students,14636,331,1726,11.8,2863,19.6,3820,26.1,6227,42.5,10047,68.6
3,3,2013,All Students,1507,316,306,20.3,416,27.6,354,23.5,431,28.6,785,52.1
3,3,2014,All Students,1412,315,289,20.5,370,26.2,349,24.7,404,28.6,753,53.3
3,3,2015,All Students,1304,315,285,21.9,335,25.7,290,22.2,394,30.2,684,52.5
3,3,2016,All Students,1332,318,258,19.4,316,23.7,294,22.1,464,34.8,758,56.9
3,4,2013,All Students,1315,315,291,22.1,342,26,281,21.4,401,30.5,682,51.9
3,4,2014,All Students,1442,324,266,18.4,305,21.2,295,20.5,576,39.9,871,60.4
3,4,2015,All Students,1343,321,263,19.6,291,21.7,288,21.4,501,37.3,789,58.7
3,4,2016,All Students,1240,322,251,20.2,262,21.1,225,18.1,502,40.5,727,58.6
3,5,2013,All Students,1401,308,506,36.1,333,23.8,295,21.1,267,19.1,562,40.1
3,5,2014,All Students,1290,319,326,25.3,266,20.6,327,25.3,371,28.8,698,54.1
3,5,2015,All Students,1344,325,281,20.9,269,20,346,25.7,448,33.3,794,59.1
3,5,2016,All Students,1292,320,333,25.8,271,21,291,22.5,397,30.7,688,53.3
3,6,2013,All Students,1337,307,350,26.2,462,34.6,231,17.3,294,22,525,39.3
3,6,2014,All Students,1368,313,338,24.7,396,28.9,239,17.5,395,28.9,634,46.3
3,6,2015,All Students,1282,318,256,20,347,27.1,256,20,423,33,679,53
3,6,2016,All Students,1367,320,241,17.6,381,27.9,254,18.6,491,35.9,745,54.5
3,7,2013,All Students,1346,306,514,38.2,341,25.3,246,18.3,245,18.2,491,36.5
3,7,2014,All Students,1277,312,384,30.1,341,26.7,282,22.1,270,21.1,552,43.2
3,7,2015,All Students,1315,315,354,26.9,344,26.2,304,23.1,313,23.8,617,46.9
3,7,2016,All Students,1240,320,276,22.3,323,26,291,23.5,350,28.2,641,51.7
3,8,2013,All Students,1257,306,357,28.4,452,36,271,21.6,177,14.1,448,35.6
3,8,2014,All Students,816,288,358,43.9,328,40.2,118,14.5,12,1.5,130,15.9
3,8,2015,All Students,735,287,327,44.5,307,41.8,81,11,20,2.7,101,13.7
3,8,2016,All Students,752,286,330,43.9,307,40.8,86,11.4,29,3.9,115,15.3
3,All Grades,2013,All Students,8163,310,2324,28.5,2346,28.7,1678,20.6,1815,22.2,3493,42.8
3,All Grades,2014,All Students,7605,314,1961,25.8,2006,26.4,1610,21.2,2028,26.7,3638,47.8
3,All Grades,2015,All Students,7323,316,1766,24.1,1893,25.9,1565,21.4,2099,28.7,3664,50
3,All Grades,2016,All Students,7223,316,1689,23.4,1860,25.8,1441,20,2233,30.9,3674,50.9
4,3,2013,All Students,1056,293,410,38.8,378,35.8,174,16.5,94,8.9,268,25.4
4,3,2014,All Students,990,299,333,33.6,295,29.8,228,23,134,13.5,362,36.6
4,3,2015,All Students,973,300,319,32.8,310,31.9,198,20.3,146,15,344,35.4
4,3,2016,All Students,931,301,264,28.4,321,34.5,195,20.9,151,16.2,346,37.2
4,4,2013,All Students,1088,295,394,36.2,387,35.6,190,17.5,117,10.8,307,28.2
4,4,2014,All Students,1028,291,407,39.6,349,33.9,167,16.2,105,10.2,272,26.5
4,4,2015,All Students,978,295,365,37.3,300,30.7,168,17.2,145,14.8,313,32
4,4,2016,All Students,961,295,357,37.1,287,29.9,169,17.6,148,15.4,317,33
4,5,2013,All Students,1061,290,547,51.6,281,26.5,176,16.6,57,5.4,233,22
4,5,2014,All Students,1040,301,411,39.5,296,28.5,211,20.3,122,11.7,333,32
4,5,2015,All Students,948,297,409,43.1,279,29.4,173,18.2,87,9.2,260,27.4
4,5,2016,All Students,968,299,407,42,251,25.9,194,20,116,12,310,32
4,6,2013,All Students,1013,291,380,37.5,452,44.6,109,10.8,72,7.1,181,17.9
4,6,2014,All Students,997,290,411,41.2,364,36.5,124,12.4,98,9.8,222,22.3
4,6,2015,All Students,1000,295,377,37.7,378,37.8,144,14.4,101,10.1,245,24.5
4,6,2016,All Students,945,293,342,36.2,366,38.7,114,12.1,123,13,237,25.1
4,7,2013,All Students,1079,289,575,53.3,337,31.2,130,12,37,3.4,167,15.5
4,7,2014,All Students,1014,292,475,46.8,347,34.2,139,13.7,53,5.2,192,18.9
4,7,2015,All Students,988,293,453,45.9,309,31.3,153,15.5,73,7.4,226,22.9
4,7,2016,All Students,1004,294,476,47.4,303,30.2,142,14.1,83,8.3,225,22.4
4,8,2013,All Students,1099,289,501,45.6,431,39.2,127,11.6,40,3.6,167,15.2
4,8,2014,All Students,1012,292,412,40.7,386,38.1,148,14.6,66,6.5,214,21.1
4,8,2015,All Students,870,287,426,49,314,36.1,93,10.7,37,4.3,130,14.9
4,8,2016,All Students,855,281,468,54.7,247,28.9,96,11.2,44,5.1,140,16.4
4,All Grades,2013,All Students,6396,291,2807,43.9,2266,35.4,906,14.2,417,6.5,1323,20.7
4,All Grades,2014,All Students,6081,294,2449,40.3,2037,33.5,1017,16.7,578,9.5,1595,26.2
4,All Grades,2015,All Students,5757,295,2349,40.8,1890,32.8,929,16.1,589,10.2,1518,26.4
4,All Grades,2016,All Students,5664,294,2314,40.9,1775,31.3,910,16.1,665,11.7,1575,27.8
5,3,2013,All Students,965,282,473,49,337,34.9,127,13.2,28,2.9,155,16.1
5,3,2014,All Students,933,281,468,50.2,304,32.6,124,13.3,37,4,161,17.3
5,3,2015,All Students,888,285,449,50.6,262,29.5,128,14.4,49,5.5,177,19.9
5,3,2016,All Students,785,286,342,43.6,267,34,125,15.9,51,6.5,176,22.4
5,4,2013,All Students,923,279,514,55.7,267,28.9,118,12.8,24,2.6,142,15.4
5,4,2014,All Students,914,281,462,50.5,284,31.1,129,14.1,39,4.3,168,18.4
5,4,2015,All Students,913,279,486,53.2,268,29.4,121,13.3,38,4.2,159,17.4
5,4,2016,All Students,876,278,473,54,244,27.9,116,13.2,43,4.9,159,18.2
5,5,2013,All Students,842,276,584,69.4,185,22,63,7.5,10,1.2,73,8.7
5,5,2014,All Students,794,281,482,60.7,200,25.2,91,11.5,21,2.6,112,14.1
5,5,2015,All Students,835,284,478,57.2,242,29,93,11.1,22,2.6,115,13.8
5,5,2016,All Students,864,285,472,54.6,241,27.9,114,13.2,37,4.3,151,17.5
5,6,2013,All Students,958,282,486,50.7,315,32.9,84,8.8,73,7.6,157,16.4
5,6,2014,All Students,904,281,480,53.1,251,27.8,93,10.3,80,8.8,173,19.1
5,6,2015,All Students,827,281,460,55.6,203,24.5,82,9.9,82,9.9,164,19.8
5,6,2016,All Students,801,283,387,48.3,268,33.5,64,8,82,10.2,146,18.2
5,7,2013,All Students,977,281,625,64,246,25.2,71,7.3,35,3.6,106,10.8
5,7,2014,All Students,963,285,568,59,271,28.1,84,8.7,40,4.2,124,12.9
5,7,2015,All Students,905,283,515,56.9,260,28.7,84,9.3,46,5.1,130,14.4
5,7,2016,All Students,793,282,513,64.7,148,18.7,65,8.2,67,8.4,132,16.6
5,8,2013,All Students,1043,280,574,55,354,33.9,93,8.9,22,2.1,115,11
5,8,2014,All Students,891,275,526,59,304,34.1,59,6.6,2,0.2,61,6.8
5,8,2015,All Students,863,272,552,64,263,30.5,36,4.2,12,1.4,48,5.6
5,8,2016,All Students,808,270,514,63.6,238,29.5,52,6.4,4,0.5,56,6.9
5,All Grades,2013,All Students,5708,280,3256,57,1704,29.9,556,9.7,192,3.4,748,13.1
5,All Grades,2014,All Students,5399,281,2986,55.3,1614,29.9,580,10.7,219,4.1,799,14.8
5,All Grades,2015,All Students,5231,280,2940,56.2,1498,28.6,544,10.4,249,4.8,793,15.2
5,All Grades,2016,All Students,4927,281,2701,54.8,1406,28.5,536,10.9,284,5.8,820,16.6
6,3,2013,All Students,2150,287,975,45.3,728,33.9,334,15.5,113,5.3,447,20.8
6,3,2014,All Students,2082,290,836,40.2,720,34.6,392,18.8,134,6.4,526,25.3
6,3,2015,All Students,1920,292,732,38.1,694,36.1,333,17.3,161,8.4,494,25.7
6,3,2016,All Students,1850,293,652,35.2,658,35.6,325,17.6,215,11.6,540,29.2
6,4,2013,All Students,2174,286,918,42.2,819,37.7,327,15,110,5.1,437,20.1
6,4,2014,All Students,2109,290,817,38.7,744,35.3,361,17.1,187,8.9,548,26
6,4,2015,All Students,2013,291,779,38.7,696,34.6,368,18.3,170,8.4,538,26.7
6,4,2016,All Students,1880,290,759,40.4,596,31.7,349,18.6,176,9.4,525,27.9
6,5,2013,All Students,1760,287,972,55.2,483,27.4,245,13.9,60,3.4,305,17.3
6,5,2014,All Students,1741,293,799,45.9,500,28.7,341,19.6,101,5.8,442,25.4
6,5,2015,All Students,1678,294,746,44.5,467,27.8,349,20.8,116,6.9,465,27.7
6,5,2016,All Students,1599,294,718,44.9,493,30.8,297,18.6,91,5.7,388,24.3
6,6,2013,All Students,1878,287,769,40.9,817,43.5,216,11.5,76,4,292,15.5
6,6,2014,All Students,1694,287,693,40.9,663,39.1,240,14.2,98,5.8,338,20
6,6,2015,All Students,1692,289,696,41.1,629,37.2,261,15.4,106,6.3,367,21.7
6,6,2016,All Students,1610,290,603,37.5,608,37.8,235,14.6,164,10.2,399,24.8
6,7,2013,All Students,1968,286,1083,55,639,32.5,205,10.4,41,2.1,246,12.5
6,7,2014,All Students,1886,293,867,46,680,36.1,293,15.5,46,2.4,339,18
6,7,2015,All Students,1710,292,744,43.5,629,36.8,269,15.7,68,4,337,19.7
6,7,2016,All Students,1676,293,734,43.8,569,33.9,288,17.2,85,5.1,373,22.3
6,8,2013,All Students,2002,288,904,45.2,797,39.8,237,11.8,64,3.2,301,15
6,8,2014,All Students,1973,290,829,42,778,39.4,299,15.2,67,3.4,366,18.6
6,8,2015,All Students,1757,291,736,41.9,700,39.8,229,13,92,5.2,321,18.3
6,8,2016,All Students,1557,285,717,46.1,592,38,199,12.8,49,3.1,248,15.9
6,All Grades,2013,All Students,11932,287,5621,47.1,4283,35.9,1564,13.1,464,3.9,2028,17
6,All Grades,2014,All Students,11485,291,4841,42.2,4085,35.6,1926,16.8,633,5.5,2559,22.3
6,All Grades,2015,All Students,10770,291,4433,41.2,3815,35.4,1809,16.8,713,6.6,2522,23.4
6,All Grades,2016,All Students,10172,291,4183,41.1,3516,34.6,1693,16.6,780,7.7,2473,24.3
7,3,2013,All Students,1407,280,749,53.2,492,35,145,10.3,21,1.5,166,11.8
7,3,2014,All Students,1385,282,706,51,460,33.2,176,12.7,43,3.1,219,15.8
7,3,2015,All Students,1276,286,612,48,410,32.1,183,14.3,71,5.6,254,19.9
7,3,2016,All Students,1266,289,509,40.2,458,36.2,197,15.6,102,8.1,299,23.6
7,4,2013,All Students,1388,279,734,52.9,484,34.9,147,10.6,23,1.7,170,12.2
7,4,2014,All Students,1339,280,678,50.6,445,33.2,159,11.9,57,4.3,216,16.1
7,4,2015,All Students,1376,280,694,50.4,461,33.5,158,11.5,63,4.6,221,16.1
7,4,2016,All Students,1242,284,594,47.8,369,29.7,175,14.1,104,8.4,279,22.5
7,5,2013,All Students,1268,279,807,63.6,337,26.6,107,8.4,17,1.3,124,9.8
7,5,2014,All Students,1303,286,689,52.9,396,30.4,186,14.3,32,2.5,218,16.7
7,5,2015,All Students,1281,286,679,53,385,30.1,181,14.1,36,2.8,217,16.9
7,5,2016,All Students,1349,283,757,56.1,378,28,157,11.6,57,4.2,214,15.9
7,6,2013,All Students,1392,275,798,57.3,472,33.9,97,7,25,1.8,122,8.8
7,6,2014,All Students,1358,276,772,56.8,452,33.3,91,6.7,43,3.2,134,9.9
7,6,2015,All Students,1279,277,710,55.5,405,31.7,127,9.9,37,2.9,164,12.8
7,6,2016,All Students,1174,278,570,48.6,454,38.7,105,8.9,45,3.8,150,12.8
7,7,2013,All Students,1341,275,938,69.9,320,23.9,76,5.7,7,0.5,83,6.2
7,7,2014,All Students,1379,279,901,65.3,357,25.9,111,8,10,0.7,121,8.8
7,7,2015,All Students,1342,280,826,61.5,391,29.1,107,8,18,1.3,125,9.3
7,7,2016,All Students,1262,280,771,61.1,363,28.8,104,8.2,24,1.9,128,10.1
7,8,2013,All Students,1417,276,845,59.6,459,32.4,98,6.9,15,1.1,113,8
7,8,2014,All Students,1257,274,789,62.8,368,29.3,81,6.4,19,1.5,100,8
7,8,2015,All Students,1272,272,806,63.4,355,27.9,89,7,22,1.7,111,8.7
7,8,2016,All Students,1236,270,800,64.7,333,26.9,83,6.7,20,1.6,103,8.3
7,All Grades,2013,All Students,8213,277,4871,59.3,2564,31.2,670,8.2,108,1.3,778,9.5
7,All Grades,2014,All Students,8021,280,4535,56.5,2478,30.9,804,10,204,2.5,1008,12.6
7,All Grades,2015,All Students,7826,280,4327,55.3,2407,30.8,845,10.8,247,3.2,1092,14
7,All Grades,2016,All Students,7529,281,4001,53.1,2355,31.3,821,10.9,352,4.7,1173,15.6
8,3,2013,All Students,2118,290,854,40.3,780,36.8,357,16.9,127,6,484,22.9
8,3,2014,All Students,2311,293,863,37.3,844,36.5,417,18,187,8.1,604,26.1
8,3,2015,All Students,2234,294,843,37.7,768,34.4,397,17.8,226,10.1,623,27.9
8,3,2016,All Students,2171,292,790,36.4,800,36.8,375,17.3,206,9.5,581,26.8
8,4,2013,All Students,2230,290,891,40,823,36.9,381,17.1,135,6.1,516,23.1
8,4,2014,All Students,2099,293,793,37.8,721,34.3,382,18.2,203,9.7,585,27.9
8,4,2015,All Students,2278,289,907,39.8,799,35.1,374,16.4,198,8.7,572,25.1
8,4,2016,All Students,2242,292,858,38.3,713,31.8,405,18.1,266,11.9,671,29.9
8,5,2013,All Students,2306,291,1191,51.6,659,28.6,365,15.8,91,3.9,456,19.8
8,5,2014,All Students,2227,298,909,40.8,697,31.3,429,19.3,192,8.6,621,27.9
8,5,2015,All Students,2074,297,828,39.9,648,31.2,451,21.7,147,7.1,598,28.8
8,5,2016,All Students,2251,295,987,43.8,738,32.8,370,16.4,156,6.9,526,23.4
8,6,2013,All Students,2244,284,1079,48.1,851,37.9,207,9.2,107,4.8,314,14
8,6,2014,All Students,2142,284,1053,49.2,703,32.8,240,11.2,146,6.8,386,18
8,6,2015,All Students,2058,286,917,44.6,703,34.2,273,13.3,165,8,438,21.3
8,6,2016,All Students,1925,286,827,43,684,35.5,231,12,183,9.5,414,21.5
8,7,2013,All Students,2300,283,1400,60.9,631,27.4,234,10.2,35,1.5,269,11.7
8,7,2014,All Students,2219,284,1317,59.4,619,27.9,211,9.5,72,3.2,283,12.8
8,7,2015,All Students,2158,285,1170,54.2,644,29.8,276,12.8,68,3.2,344,15.9
8,7,2016,All Students,2079,286,1146,55.1,569,27.4,244,11.7,120,5.8,364,17.5
8,8,2013,All Students,2355,280,1329,56.4,763,32.4,207,8.8,56,2.4,263,11.2
8,8,2014,All Students,2107,277,1221,57.9,660,31.3,163,7.7,63,3,226,10.7
8,8,2015,All Students,2003,276,1247,62.3,565,28.2,127,6.3,64,3.2,191,9.5
8,8,2016,All Students,1916,276,1136,59.3,527,27.5,172,9,81,4.2,253,13.2
8,All Grades,2013,All Students,13553,286,6744,49.8,4507,33.3,1751,12.9,551,4.1,2302,17
8,All Grades,2014,All Students,13105,288,6156,47,4244,32.4,1842,14.1,863,6.6,2705,20.6
8,All Grades,2015,All Students,12805,288,5912,46.2,4127,32.2,1898,14.8,868,6.8,2766,21.6
8,All Grades,2016,All Students,12584,288,5744,45.6,4031,32,1797,14.3,1012,8,2809,22.3
9,3,2013,All Students,3048,281,1578,51.8,1030,33.8,348,11.4,92,3,440,14.4
9,3,2014,All Students,3039,284,1404,46.2,1067,35.1,441,14.5,127,4.2,568,18.7
9,3,2015,All Students,3034,285,1457,48,976,32.2,441,14.5,160,5.3,601,19.8
9,3,2016,All Students,2998,286,1290,43,1016,33.9,463,15.4,229,7.6,692,23.1
9,4,2013,All Students,2851,280,1474,51.7,977,34.3,300,10.5,100,3.5,400,14
9,4,2014,All Students,2870,282,1412,49.2,958,33.4,355,12.4,145,5.1,500,17.4
9,4,2015,All Students,2989,280,1511,50.6,995,33.3,360,12,123,4.1,483,16.2
9,4,2016,All Students,2963,283,1443,48.7,847,28.6,453,15.3,220,7.4,673,22.7
9,5,2013,All Students,2769,282,1715,61.9,701,25.3,300,10.8,53,1.9,353,12.7
9,5,2014,All Students,2752,288,1424,51.7,822,29.9,362,13.2,144,5.2,506,18.4
9,5,2015,All Students,2759,288,1399,50.7,815,29.5,429,15.5,116,4.2,545,19.8
9,5,2016,All Students,2862,286,1520,53.1,842,29.4,394,13.8,106,3.7,500,17.5
9,6,2013,All Students,2909,281,1469,50.5,1070,36.8,260,8.9,110,3.8,370,12.7
9,6,2014,All Students,2870,281,1473,51.3,952,33.2,272,9.5,173,6,445,15.5
9,6,2015,All Students,2752,282,1389,50.5,888,32.3,309,11.2,166,6,475,17.3
9,6,2016,All Students,2629,281,1226,46.6,970,36.9,280,10.7,153,5.8,433,16.5
9,7,2013,All Students,2999,279,1921,64.1,769,25.6,261,8.7,48,1.6,309,10.3
9,7,2014,All Students,2856,283,1708,59.8,821,28.7,272,9.5,55,1.9,327,11.4
9,7,2015,All Students,2823,284,1572,55.7,862,30.5,312,11.1,77,2.7,389,13.8
9,7,2016,All Students,2698,283,1515,56.2,818,30.3,278,10.3,87,3.2,365,13.5
9,8,2013,All Students,2985,280,1653,55.4,988,33.1,293,9.8,51,1.7,344,11.5
9,8,2014,All Students,2697,279,1518,56.3,813,30.1,287,10.6,79,2.9,366,13.6
9,8,2015,All Students,2600,279,1437,55.3,842,32.4,222,8.5,99,3.8,321,12.3
9,8,2016,All Students,2592,279,1412,54.5,834,32.2,243,9.4,103,4,346,13.3
9,All Grades,2013,All Students,17561,281,9810,55.9,5535,31.5,1762,10,454,2.6,2216,12.6
9,All Grades,2014,All Students,17084,283,8939,52.3,5433,31.8,1989,11.6,723,4.2,2712,15.9
9,All Grades,2015,All Students,16957,283,8765,51.7,5378,31.7,2073,12.2,741,4.4,2814,16.6
9,All Grades,2016,All Students,16742,283,8406,50.2,5327,31.8,2111,12.6,898,5.4,3009,18
10,3,2013,All Students,4192,290,1714,40.9,1594,38,624,14.9,260,6.2,884,21.1
10,3,2014,All Students,4298,292,1693,39.4,1438,33.5,836,19.5,331,7.7,1167,27.2
10,3,2015,All Students,4347,292,1759,40.5,1501,34.5,716,16.5,371,8.5,1087,25
10,3,2016,All Students,4313,292,1629,37.8,1486,34.5,718,16.6,480,11.1,1198,27.8
10,4,2013,All Students,4135,290,1607,38.9,1490,36,756,18.3,282,6.8,1038,25.1
10,4,2014,All Students,4145,292,1581,38.1,1414,34.1,744,17.9,406,9.8,1150,27.7
10,4,2015,All Students,4255,291,1658,39,1424,33.5,765,18,408,9.6,1173,27.6
10,4,2016,All Students,4303,291,1738,40.4,1360,31.6,738,17.2,467,10.9,1205,28
10,5,2013,All Students,3932,287,2168,55.1,1065,27.1,558,14.2,141,3.6,699,17.8
10,5,2014,All Students,4094,294,1874,45.8,1229,30,700,17.1,291,7.1,991,24.2
10,5,2015,All Students,4057,294,1838,45.3,1217,30,724,17.8,278,6.9,1002,24.7
10,5,2016,All Students,4115,293,1871,45.5,1287,31.3,656,15.9,301,7.3,957,23.3
10,6,2013,All Students,3841,286,1669,43.5,1506,39.2,479,12.5,187,4.9,666,17.3
10,6,2014,All Students,3819,287,1675,43.9,1374,36,481,12.6,289,7.6,770,20.2
10,6,2015,All Students,3793,288,1647,43.4,1325,34.9,502,13.2,319,8.4,821,21.6
10,6,2016,All Students,3729,290,1452,38.9,1402,37.6,510,13.7,365,9.8,875,23.5
10,7,2013,All Students,4004,285,2298,57.4,1180,29.5,417,10.4,109,2.7,526,13.1
10,7,2014,All Students,3744,288,1970,52.6,1172,31.3,506,13.5,96,2.6,602,16.1
10,7,2015,All Students,3710,288,1843,49.7,1234,33.3,472,12.7,161,4.3,633,17.1
10,7,2016,All Students,3735,289,1880,50.3,1139,30.5,537,14.4,179,4.8,716,19.2
10,8,2013,All Students,3927,287,1837,46.8,1518,38.7,461,11.7,111,2.8,572,14.6
10,8,2014,All Students,3743,285,1780,47.6,1430,38.2,436,11.6,97,2.6,533,14.2
10,8,2015,All Students,3358,284,1681,50.1,1212,36.1,341,10.2,124,3.7,465,13.8
10,8,2016,All Students,3216,282,1675,52.1,1041,32.4,342,10.6,158,4.9,500,15.5
10,All Grades,2013,All Students,24031,288,11293,47,8353,34.8,3295,13.7,1090,4.5,4385,18.2
10,All Grades,2014,All Students,23843,290,10573,44.3,8057,33.8,3703,15.5,1510,6.3,5213,21.9
10,All Grades,2015,All Students,23520,290,10426,44.3,7913,33.6,3520,15,1661,7.1,5181,22
10,All Grades,2016,All Students,23411,290,10245,43.8,7715,33,3501,15,1950,8.3,5451,23.3
11,3,2013,All Students,3256,292,1295,39.8,1187,36.5,547,16.8,227,7,774,23.8
11,3,2014,All Students,3297,295,1100,33.4,1233,37.4,701,21.3,263,8,964,29.2
11,3,2015,All Students,3219,294,1163,36.1,1162,36.1,588,18.3,306,9.5,894,27.8
11,3,2016,All Students,3277,295,1083,33,1217,37.1,620,18.9,357,10.9,977,29.8
11,4,2013,All Students,3104,292,1104,35.6,1252,40.3,528,17,220,7.1,748,24.1
11,4,2014,All Students,3187,297,1048,32.9,1100,34.5,683,21.4,356,11.2,1039,32.6
11,4,2015,All Students,3291,293,1181,35.9,1190,36.2,607,18.4,313,9.5,920,28
11,4,2016,All Students,3166,293,1187,37.5,991,31.3,606,19.1,382,12.1,988,31.2
11,5,2013,All Students,3179,292,1557,49,937,29.5,507,15.9,178,5.6,685,21.5
11,5,2014,All Students,3144,299,1246,39.6,1055,33.6,582,18.5,261,8.3,843,26.8
11,5,2015,All Students,3091,300,1184,38.3,936,30.3,716,23.2,255,8.2,971,31.4
11,5,2016,All Students,3222,297,1332,41.3,1029,31.9,624,19.4,237,7.4,861,26.7
11,6,2013,All Students,3192,291,1255,39.3,1291,40.4,397,12.4,249,7.8,646,20.2
11,6,2014,All Students,3029,294,1101,36.3,1129,37.3,476,15.7,323,10.7,799,26.4
11,6,2015,All Students,2937,293,1124,38.3,1041,35.4,442,15,330,11.2,772,26.3
11,6,2016,All Students,2903,293,1023,35.2,1130,38.9,403,13.9,347,12,750,25.8
11,7,2013,All Students,3127,288,1634,52.3,1004,32.1,389,12.4,100,3.2,489,15.6
11,7,2014,All Students,3221,292,1590,49.4,1059,32.9,431,13.4,141,4.4,572,17.8
11,7,2015,All Students,3040,294,1309,43.1,1015,33.4,522,17.2,194,6.4,716,23.6
11,7,2016,All Students,2936,293,1403,47.8,892,30.4,430,14.6,211,7.2,641,21.8
11,8,2013,All Students,3134,285,1518,48.4,1163,37.1,350,11.2,103,3.3,453,14.5
11,8,2014,All Students,2664,282,1342,50.4,1044,39.2,239,9,39,1.5,278,10.4
11,8,2015,All Students,2992,286,1497,50,1036,34.6,317,10.6,142,4.7,459,15.3
11,8,2016,All Students,2836,287,1272,44.9,1036,36.5,356,12.6,172,6.1,528,18.6
11,All Grades,2013,All Students,18992,290,8363,44,6834,36,2718,14.3,1077,5.7,3795,20
11,All Grades,2014,All Students,18542,294,7427,40.1,6620,35.7,3112,16.8,1383,7.5,4495,24.2
11,All Grades,2015,All Students,18570,293,7458,40.2,6380,34.4,3192,17.2,1540,8.3,4732,25.5
11,All Grades,2016,All Students,18340,293,7300,39.8,6295,34.3,3039,16.6,1706,9.3,4745,25.9
12,3,2013,All Students,1880,281,963,51.2,646,34.4,195,10.4,76,4,271,14.4
12,3,2014,All Students,2013,282,1015,50.4,691,34.3,235,11.7,72,3.6,307,15.3
12,3,2015,All Students,1877,281,1000,53.3,579,30.8,223,11.9,75,4,298,15.9
12,3,2016,All Students,1905,278,1025,53.8,589,30.9,213,11.2,78,4.1,291,15.3
12,4,2013,All Students,1805,280,929,51.5,635,35.2,191,10.6,50,2.8,241,13.4
12,4,2014,All Students,1820,281,923,50.7,579,31.8,218,12,100,5.5,318,17.5
12,4,2015,All Students,1961,278,1021,52.1,628,32,228,11.6,84,4.3,312,15.9
12,4,2016,All Students,1854,278,999,53.9,561,30.3,211,11.4,83,4.5,294,15.9
12,5,2013,All Students,1809,277,1251,69.2,404,22.3,138,7.6,16,0.9,154,8.5
12,5,2014,All Students,1774,285,997,56.2,514,29,219,12.3,44,2.5,263,14.8
12,5,2015,All Students,1729,283,1001,57.9,467,27,199,11.5,62,3.6,261,15.1
12,5,2016,All Students,1899,283,1106,58.2,518,27.3,214,11.3,61,3.2,275,14.5
12,6,2013,All Students,1787,281,914,51.1,682,38.2,142,7.9,49,2.7,191,10.7
12,6,2014,All Students,1720,279,910,52.9,589,34.2,151,8.8,70,4.1,221,12.8
12,6,2015,All Students,1692,280,888,52.5,546,32.3,186,11,72,4.3,258,15.2
12,6,2016,All Students,1635,279,797,48.7,605,37,154,9.4,79,4.8,233,14.3
12,7,2013,All Students,1797,278,1170,65.1,478,26.6,136,7.6,13,0.7,149,8.3
12,7,2014,All Students,1814,284,1044,57.6,545,30,187,10.3,38,2.1,225,12.4
12,7,2015,All Students,1704,281,1023,60,463,27.2,176,10.3,42,2.5,218,12.8
12,7,2016,All Students,1670,285,913,54.7,486,29.1,210,12.6,61,3.7,271,16.2
12,8,2013,All Students,1799,283,930,51.7,645,35.9,181,10.1,43,2.4,224,12.5
12,8,2014,All Students,1651,282,861,52.2,572,34.6,175,10.6,43,2.6,218,13.2
12,8,2015,All Students,1684,282,881,52.3,607,36,143,8.5,53,3.1,196,11.6
12,8,2016,All Students,1601,280,870,54.3,538,33.6,141,8.8,52,3.2,193,12.1
12,All Grades,2013,All Students,10877,280,6157,56.6,3490,32.1,983,9,247,2.3,1230,11.3
12,All Grades,2014,All Students,10792,282,5750,53.3,3490,32.3,1185,11,367,3.4,1552,14.4
12,All Grades,2015,All Students,10647,281,5814,54.6,3290,30.9,1155,10.8,388,3.6,1543,14.5
12,All Grades,2016,All Students,10564,280,5710,54.1,3297,31.2,1143,10.8,414,3.9,1557,14.7
13,3,2013,All Students,1132,295,450,39.8,339,29.9,201,17.8,142,12.5,343,30.3
13,3,2014,All Students,1078,297,394,36.5,314,29.1,227,21.1,143,13.3,370,34.3
13,3,2015,All Students,1062,298,405,38.1,266,25,212,20,179,16.9,391,36.8
13,3,2016,All Students,1022,304,290,28.4,306,29.9,201,19.7,225,22,426,41.7
13,4,2013,All Students,1049,293,385,36.7,352,33.6,208,19.8,104,9.9,312,29.7
13,4,2014,All Students,1039,296,375,36.1,321,30.9,194,18.7,149,14.3,343,33
13,4,2015,All Students,974,294,375,38.5,297,30.5,151,15.5,151,15.5,302,31
13,4,2016,All Students,1014,300,357,35.2,249,24.6,196,19.3,212,20.9,408,40.2
13,5,2013,All Students,995,294,475,47.7,281,28.2,176,17.7,63,6.3,239,24
13,5,2014,All Students,930,299,373,40.1,255,27.4,196,21.1,106,11.4,302,32.5
13,5,2015,All Students,908,302,327,36,256,28.2,211,23.2,114,12.6,325,35.8
13,5,2016,All Students,906,302,331,36.5,246,27.2,202,22.3,127,14,329,36.3
13,6,2013,All Students,927,285,411,44.3,386,41.6,94,10.1,36,3.9,130,14
13,6,2014,All Students,803,288,328,40.8,314,39.1,106,13.2,55,6.8,161,20
13,6,2015,All Students,698,281,352,50.4,236,33.8,69,9.9,41,5.9,110,15.8
13,6,2016,All Students,664,288,260,39.2,253,38.1,92,13.9,59,8.9,151,22.7
13,7,2013,All Students,989,283,599,60.6,290,29.3,87,8.8,13,1.3,100,10.1
13,7,2014,All Students,936,286,515,55,309,33,101,10.8,11,1.2,112,12
13,7,2015,All Students,748,289,367,49.1,261,34.9,99,13.2,21,2.8,120,16
13,7,2016,All Students,689,286,371,53.8,210,30.5,84,12.2,24,3.5,108,15.7
13,8,2013,All Students,1044,284,538,51.5,382,36.6,105,10.1,19,1.8,124,11.9
13,8,2014,All Students,858,281,447,52.1,335,39,62,7.2,14,1.6,76,8.9
13,8,2015,All Students,677,274,434,64.1,198,29.2,35,5.2,10,1.5,45,6.6
13,8,2016,All Students,558,275,341,61.1,167,29.9,42,7.5,8,1.4,50,9
13,All Grades,2013,All Students,6136,289,2858,46.6,2030,33.1,871,14.2,377,6.1,1248,20.3
13,All Grades,2014,All Students,5644,292,2432,43.1,1848,32.7,886,15.7,478,8.5,1364,24.2
13,All Grades,2015,All Students,5067,291,2260,44.6,1514,29.9,777,15.3,516,10.2,1293,25.5
13,All Grades,2016,All Students,4853,295,1950,40.2,1431,29.5,817,16.8,655,13.5,1472,30.3
14,3,2013,All Students,1252,298,368,29.4,500,39.9,278,22.2,106,8.5,384,30.7
14,3,2014,All Students,1155,301,346,30,362,31.3,284,24.6,163,14.1,447,38.7
14,3,2015,All Students,1185,301,381,32.2,379,32,256,21.6,169,14.3,425,35.9
14,3,2016,All Students,1156,303,329,28.5,368,31.8,232,20.1,227,19.6,459,39.7
14,4,2013,All Students,1257,295,432,34.4,465,37,249,19.8,111,8.8,360,28.6
14,4,2014,All Students,1235,301,362,29.3,414,33.5,279,22.6,180,14.6,459,37.2
14,4,2015,All Students,1104,301,298,27,381,34.5,266,24.1,159,14.4,425,38.5
14,4,2016,All Students,1143,301,345,30.2,342,29.9,244,21.3,212,18.5,456,39.9
14,5,2013,All Students,1206,293,566,46.9,362,30,216,17.9,62,5.1,278,23.1
14,5,2014,All Students,1154,305,379,32.8,365,31.6,263,22.8,147,12.7,410,35.5
14,5,2015,All Students,1103,305,352,31.9,331,30,288,26.1,132,12,420,38.1
14,5,2016,All Students,996,304,319,32,324,32.5,227,22.8,126,12.7,353,35.4
14,6,2013,All Students,1250,287,512,41,555,44.4,111,8.9,72,5.8,183,14.6
14,6,2014,All Students,1201,288,521,43.4,458,38.1,138,11.5,84,7,222,18.5
14,6,2015,All Students,1203,290,515,42.8,435,36.2,157,13.1,96,8,253,21
14,6,2016,All Students,1134,291,412,36.3,456,40.2,161,14.2,105,9.3,266,23.5
14,7,2013,All Students,1307,290,688,52.6,379,29,184,14.1,56,4.3,240,18.4
14,7,2014,All Students,1252,295,554,44.2,425,33.9,206,16.5,67,5.4,273,21.8
14,7,2015,All Students,1158,294,496,42.8,409,35.3,184,15.9,69,6,253,21.8
14,7,2016,All Students,1177,297,500,42.5,378,32.1,210,17.8,89,7.6,299,25.4
14,8,2013,All Students,1292,294,480,37.2,539,41.7,205,15.9,68,5.3,273,21.1
14,8,2014,All Students,980,284,465,47.4,424,43.3,82,8.4,9,0.9,91,9.3
14,8,2015,All Students,911,280,475,52.1,377,41.4,54,5.9,5,0.5,59,6.5
14,8,2016,All Students,786,278,427,54.3,296,37.7,59,7.5,4,0.5,63,8
14,All Grades,2013,All Students,7564,293,3046,40.3,2800,37,1243,16.4,475,6.3,1718,22.7
14,All Grades,2014,All Students,6977,296,2627,37.7,2448,35.1,1252,17.9,650,9.3,1902,27.3
14,All Grades,2015,All Students,6664,295,2517,37.8,2312,34.7,1205,18.1,630,9.5,1835,27.5
14,All Grades,2016,All Students,6392,296,2332,36.5,2164,33.9,1133,17.7,763,11.9,1896,29.7
15,3,2013,All Students,2745,311,550,20,906,33,723,26.3,566,20.6,1289,47
15,3,2014,All Students,2741,314,506,18.5,753,27.5,819,29.9,663,24.2,1482,54.1
15,3,2015,All Students,2561,315,483,18.9,647,25.3,732,28.6,699,27.3,1431,55.9
15,3,2016,All Students,2651,316,504,19,721,27.2,599,22.6,827,31.2,1426,53.8
15,4,2013,All Students,2540,310,552,21.7,769,30.3,662,26.1,557,21.9,1219,48
15,4,2014,All Students,2599,317,501,19.3,698,26.9,675,26,725,27.9,1400,53.9
15,4,2015,All Students,2493,314,509,20.4,644,25.8,650,26.1,690,27.7,1340,53.8
15,4,2016,All Students,2505,318,495,19.8,567,22.6,594,23.7,849,33.9,1443,57.6
15,5,2013,All Students,2412,307,814,33.7,684,28.4,584,24.2,330,13.7,914,37.9
15,5,2014,All Students,2295,317,546,23.8,565,24.6,646,28.1,538,23.4,1184,51.6
15,5,2015,All Students,2143,318,489,22.8,528,24.6,599,28,527,24.6,1126,52.5
15,5,2016,All Students,2271,319,514,22.6,541,23.8,623,27.4,593,26.1,1216,53.5
15,6,2013,All Students,1740,304,440,25.3,639,36.7,372,21.4,289,16.6,661,38
15,6,2014,All Students,1730,306,428,24.7,626,36.2,319,18.4,357,20.6,676,39.1
15,6,2015,All Students,1627,314,336,20.7,457,28.1,387,23.8,447,27.5,834,51.3
15,6,2016,All Students,1732,316,353,20.4,463,26.7,335,19.3,581,33.5,916,52.9
15,7,2013,All Students,1682,303,594,35.3,553,32.9,357,21.2,178,10.6,535,31.8
15,7,2014,All Students,1681,310,505,30,478,28.4,431,25.6,267,15.9,698,41.5
15,7,2015,All Students,1635,313,437,26.7,466,28.5,424,25.9,308,18.8,732,44.8
15,7,2016,All Students,1643,319,372,22.6,395,24,435,26.5,441,26.8,876,53.3
15,8,2013,All Students,1616,300,487,30.1,643,39.8,367,22.7,119,7.4,486,30.1
15,8,2014,All Students,1232,294,416,33.8,564,45.8,212,17.2,40,3.2,252,20.5
15,8,2015,All Students,1061,292,399,37.6,459,43.3,164,15.5,39,3.7,203,19.1
15,8,2016,All Students,1029,292,391,38,442,43,143,13.9,53,5.2,196,19
15,All Grades,2013,All Students,12735,307,3437,27,4194,32.9,3065,24.1,2039,16,5104,40.1
15,All Grades,2014,All Students,12278,311,2902,23.6,3684,30,3102,25.3,2590,21.1,5692,46.4
15,All Grades,2015,All Students,11520,313,2653,23,3201,27.8,2956,25.7,2710,23.5,5666,49.2
15,All Grades,2016,All Students,11831,315,2629,22.2,3129,26.4,2729,23.1,3344,28.3,6073,51.3
16,3,2013,All Students,748,283,354,47.3,290,38.8,83,11.1,21,2.8,104,13.9
16,3,2014,All Students,724,286,322,44.5,255,35.2,113,15.6,34,4.7,147,20.3
16,3,2015,All Students,629,291,252,40.1,232,36.9,92,14.6,53,8.4,145,23.1
16,3,2016,All Students,560,294,194,34.6,201,35.9,96,17.1,69,12.3,165,29.5
16,4,2013,All Students,757,290,310,41,258,34.1,140,18.5,49,6.5,189,25
16,4,2014,All Students,702,286,317,45.2,244,34.8,93,13.2,48,6.8,141,20.1
16,4,2015,All Students,647,286,270,41.7,233,36,109,16.8,35,5.4,144,22.3
16,4,2016,All Students,552,290,229,41.5,186,33.7,81,14.7,56,10.1,137,24.8
16,5,2013,All Students,740,288,385,52,226,30.5,112,15.1,17,2.3,129,17.4
16,5,2014,All Students,622,287,343,55.1,180,28.9,75,12.1,24,3.9,99,15.9
16,5,2015,All Students,578,289,297,51.4,186,32.2,85,14.7,10,1.7,95,16.4
16,5,2016,All Students,561,293,245,43.7,181,32.3,109,19.4,26,4.6,135,24.1
16,6,2013,All Students,610,274,373,61.1,191,31.3,36,5.9,10,1.6,46,7.5
16,6,2014,All Students,540,280,306,56.7,169,31.3,49,9.1,16,3,65,12
16,6,2015,All Students,444,274,253,57,137,30.9,47,10.6,7,1.6,54,12.2
16,6,2016,All Students,387,275,206,53.2,142,36.7,26,6.7,13,3.4,39,10.1
16,7,2013,All Students,694,276,486,70,180,25.9,24,3.5,4,0.6,28,4
16,7,2014,All Students,581,280,379,65.2,159,27.4,37,6.4,6,1,43,7.4
16,7,2015,All Students,528,283,291,55.1,180,34.1,44,8.3,13,2.5,57,10.8
16,7,2016,All Students,392,282,216,55.1,126,32.1,44,11.2,6,1.5,50,12.8
16,8,2013,All Students,694,274,437,63,217,31.3,35,5,5,0.7,40,5.8
16,8,2014,All Students,683,279,370,54.2,260,38.1,50,7.3,3,0.4,53,7.8
16,8,2015,All Students,515,278,309,60,150,29.1,42,8.2,14,2.7,56,10.9
16,8,2016,All Students,433,281,233,53.8,125,28.9,51,11.8,24,5.5,75,17.3
16,All Grades,2013,All Students,4243,281,2345,55.3,1362,32.1,430,10.1,106,2.5,536,12.6
16,All Grades,2014,All Students,3852,283,2037,52.9,1267,32.9,417,10.8,131,3.4,548,14.2
16,All Grades,2015,All Students,3341,284,1672,50,1118,33.5,419,12.5,132,4,551,16.5
16,All Grades,2016,All Students,2885,287,1323,45.9,961,33.3,407,14.1,194,6.7,601,20.8
17,3,2013,All Students,1745,289,719,41.2,647,37.1,287,16.4,92,5.3,379,21.7
17,3,2014,All Students,1679,291,676,40.3,540,32.2,341,20.3,122,7.3,463,27.6
17,3,2015,All Students,1629,294,621,38.1,511,31.4,327,20.1,170,10.4,497,30.5
17,3,2016,All Students,1519,298,506,33.3,483,31.8,275,18.1,255,16.8,530,34.9
17,4,2013,All Students,1793,291,695,38.8,648,36.1,302,16.8,148,8.3,450,25.1
17,4,2014,All Students,1581,292,612,38.7,521,33,267,16.9,181,11.4,448,28.3
17,4,2015,All Students,1601,292,623,38.9,522,32.6,300,18.7,156,9.7,456,28.5
17,4,2016,All Students,1540,293,611,39.7,457,29.7,262,17,210,13.6,472,30.6
17,5,2013,All Students,1670,289,872,52.2,523,31.3,221,13.2,54,3.2,275,16.5
17,5,2014,All Students,1616,295,726,44.9,472,29.2,292,18.1,126,7.8,418,25.9
17,5,2015,All Students,1395,296,586,42,414,29.7,304,21.8,91,6.5,395,28.3
17,5,2016,All Students,1421,298,561,39.5,460,32.4,275,19.4,125,8.8,400,28.1
17,6,2013,All Students,1942,286,846,43.6,758,39,250,12.9,88,4.5,338,17.4
17,6,2014,All Students,1774,290,714,40.2,712,40.1,221,12.5,127,7.2,348,19.6
17,6,2015,All Students,1645,290,708,43,528,32.1,263,16,146,8.9,409,24.9
17,6,2016,All Students,1423,295,439,30.9,569,40,255,17.9,160,11.2,415,29.2
17,7,2013,All Students,2010,283,1196,59.5,590,29.4,197,9.8,27,1.3,224,11.1
17,7,2014,All Students,1823,285,1045,57.3,554,30.4,193,10.6,31,1.7,224,12.3
17,7,2015,All Students,1689,290,813,48.1,594,35.2,207,12.3,75,4.4,282,16.7
17,7,2016,All Students,1519,292,703,46.3,527,34.7,220,14.5,69,4.5,289,19
17,8,2013,All Students,2128,287,998,46.9,826,38.8,253,11.9,51,2.4,304,14.3
17,8,2014,All Students,1684,283,861,51.1,606,36,186,11,31,1.8,217,12.9
17,8,2015,All Students,1743,285,892,51.2,601,34.5,183,10.5,67,3.8,250,14.3
17,8,2016,All Students,1569,288,688,43.8,561,35.8,203,12.9,117,7.5,320,20.4
17,All Grades,2013,All Students,11288,287,5326,47.2,3992,35.4,1510,13.4,460,4.1,1970,17.5
17,All Grades,2014,All Students,10157,289,4634,45.6,3405,33.5,1500,14.8,618,6.1,2118,20.9
17,All Grades,2015,All Students,9702,291,4243,43.7,3170,32.7,1584,16.3,705,7.3,2289,23.6
17,All Grades,2016,All Students,8991,294,3508,39,3057,34,1490,16.6,936,10.4,2426,27
18,3,2013,All Students,1400,290,577,41.2,511,36.5,233,16.6,79,5.6,312,22.3
18,3,2014,All Students,1439,291,584,40.6,486,33.8,281,19.5,88,6.1,369,25.6
18,3,2015,All Students,1270,295,458,36.1,445,35,263,20.7,104,8.2,367,28.9
18,3,2016,All Students,1270,296,426,33.5,448,35.3,232,18.3,164,12.9,396,31.2
18,4,2013,All Students,1539,290,605,39.3,589,38.3,266,17.3,79,5.1,345,22.4
18,4,2014,All Students,1377,290,563,40.9,456,33.1,251,18.2,107,7.8,358,26
18,4,2015,All Students,1423,290,553,38.9,516,36.3,241,16.9,113,7.9,354,24.9
18,4,2016,All Students,1247,289,527,42.3,399,32,219,17.6,102,8.2,321,25.7
18,5,2013,All Students,1543,293,742,48.1,510,33.1,238,15.4,53,3.4,291,18.9
18,5,2014,All Students,1342,296,589,43.9,390,29.1,252,18.8,111,8.3,363,27
18,5,2015,All Students,1195,297,490,41,384,32.1,254,21.3,67,5.6,321,26.9
18,5,2016,All Students,1300,293,609,46.8,399,30.7,223,17.2,69,5.3,292,22.5
18,6,2013,All Students,1399,289,582,41.6,554,39.6,182,13,81,5.8,263,18.8
18,6,2014,All Students,1374,289,595,43.3,488,35.5,194,14.1,97,7.1,291,21.2
18,6,2015,All Students,1193,288,521,43.7,430,36,155,13,87,7.3,242,20.3
18,6,2016,All Students,1042,289,430,41.3,371,35.6,124,11.9,117,11.2,241,23.1
18,7,2013,All Students,1465,286,819,55.9,429,29.3,173,11.8,44,3,217,14.8
18,7,2014,All Students,1367,291,665,48.6,466,34.1,186,13.6,50,3.7,236,17.3
18,7,2015,All Students,1341,293,613,45.7,470,35,182,13.6,76,5.7,258,19.2
18,7,2016,All Students,1176,289,599,50.9,350,29.8,163,13.9,64,5.4,227,19.3
18,8,2013,All Students,1486,289,660,44.4,589,39.6,200,13.5,37,2.5,237,15.9
18,8,2014,All Students,1203,283,588,48.9,504,41.9,94,7.8,17,1.4,111,9.2
18,8,2015,All Students,1260,290,541,42.9,502,39.8,166,13.2,51,4,217,17.2
18,8,2016,All Students,1232,289,536,43.5,493,40,144,11.7,59,4.8,203,16.5
18,All Grades,2013,All Students,8832,289,3985,45.1,3182,36,1292,14.6,373,4.2,1665,18.9
18,All Grades,2014,All Students,8102,290,3584,44.2,2790,34.4,1258,15.5,470,5.8,1728,21.3
18,All Grades,2015,All Students,7682,292,3176,41.3,2747,35.8,1261,16.4,498,6.5,1759,22.9
18,All Grades,2016,All Students,7267,291,3127,43,2460,33.9,1105,15.2,575,7.9,1680,23.1
19,3,2013,All Students,2048,287,913,44.6,751,36.7,292,14.3,92,4.5,384,18.8
19,3,2014,All Students,2057,286,949,46.1,691,33.6,292,14.2,125,6.1,417,20.3
19,3,2015,All Students,1909,287,852,44.6,635,33.3,308,16.1,114,6,422,22.1
19,3,2016,All Students,1978,286,870,44,687,34.7,267,13.5,154,7.8,421,21.3
19,4,2013,All Students,1990,287,851,42.8,744,37.4,286,14.4,109,5.5,395,19.8
19,4,2014,All Students,1957,287,874,44.7,618,31.6,306,15.6,159,8.1,465,23.8
19,4,2015,All Students,2006,284,920,45.9,668,33.3,277,13.8,141,7,418,20.8
19,4,2016,All Students,1940,286,886,45.7,590,30.4,284,14.6,180,9.3,464,23.9
19,5,2013,All Students,2036,287,1136,55.8,568,27.9,272,13.4,60,2.9,332,16.3
19,5,2014,All Students,1864,294,857,46,557,29.9,317,17,133,7.1,450,24.1
19,5,2015,All Students,1826,295,797,43.6,545,29.8,358,19.6,126,6.9,484,26.5
19,5,2016,All Students,1979,288,1016,51.3,571,28.9,282,14.2,110,5.6,392,19.8
19,6,2013,All Students,1875,283,943,50.3,644,34.3,178,9.5,110,5.9,288,15.4
19,6,2014,All Students,1850,281,919,49.7,646,34.9,206,11.1,79,4.3,285,15.4
19,6,2015,All Students,1673,279,897,53.6,540,32.3,155,9.3,81,4.8,236,14.1
19,6,2016,All Students,1630,280,778,47.7,593,36.4,163,10,96,5.9,259,15.9
19,7,2013,All Students,1880,279,1193,63.5,482,25.6,164,8.7,41,2.2,205,10.9
19,7,2014,All Students,1864,283,1133,60.8,478,25.6,200,10.7,53,2.8,253,13.6
19,7,2015,All Students,1815,283,1009,55.6,565,31.1,197,10.9,44,2.4,241,13.3
19,7,2016,All Students,1743,283,1008,57.8,499,28.6,157,9,79,4.5,236,13.5
19,8,2013,All Students,1911,281,1042,54.5,621,32.5,195,10.2,53,2.8,248,13
19,8,2014,All Students,1691,273,1095,64.8,494,29.2,89,5.3,13,0.8,102,6
19,8,2015,All Students,1595,276,970,60.8,480,30.1,117,7.3,28,1.8,145,9.1
19,8,2016,All Students,1622,277,913,56.3,525,32.4,140,8.6,44,2.7,184,11.3
19,All Grades,2013,All Students,11740,284,6078,51.8,3810,32.5,1387,11.8,465,4,1852,15.8
19,All Grades,2014,All Students,11283,284,5827,51.6,3484,30.9,1410,12.5,562,5,1972,17.5
19,All Grades,2015,All Students,10824,284,5445,50.3,3433,31.7,1412,13,534,4.9,1946,18
19,All Grades,2016,All Students,10892,284,5471,50.2,3465,31.8,1293,11.9,663,6.1,1956,18
20,3,2013,All Students,3702,313,701,18.9,1131,30.6,1016,27.4,854,23.1,1870,50.5
20,3,2014,All Students,3857,316,660,17.1,1045,27.1,1203,31.2,949,24.6,2152,55.8
20,3,2015,All Students,4125,317,701,17,1141,27.7,1126,27.3,1157,28,2283,55.3
20,3,2016,All Students,4087,320,626,15.3,1066,26.1,1038,25.4,1357,33.2,2395,58.6
20,4,2013,All Students,3521,315,602,17.1,1021,29,1011,28.7,887,25.2,1898,53.9
20,4,2014,All Students,3706,322,573,15.5,903,24.4,978,26.4,1252,33.8,2230,60.2
20,4,2015,All Students,3859,320,638,16.5,946,24.5,1055,27.3,1220,31.6,2275,59
20,4,2016,All Students,4101,319,761,18.6,983,24,958,23.4,1399,34.1,2357,57.5
20,5,2013,All Students,3360,317,804,23.9,908,27,941,28,707,21,1648,49
20,5,2014,All Students,3531,325,590,16.7,844,23.9,1005,28.5,1092,30.9,2097,59.4
20,5,2015,All Students,3682,326,632,17.2,781,21.2,1113,30.2,1156,31.4,2269,61.6
20,5,2016,All Students,3836,323,742,19.3,922,24,1072,27.9,1100,28.7,2172,56.6
20,6,2013,All Students,3425,314,682,19.9,1187,34.7,662,19.3,894,26.1,1556,45.4
20,6,2014,All Students,3548,318,630,17.8,1103,31.1,713,20.1,1102,31.1,1815,51.2
20,6,2015,All Students,3692,321,632,17.1,1034,28,771,20.9,1255,34,2026,54.9
20,6,2016,All Students,3856,321,609,15.8,1142,29.6,702,18.2,1403,36.4,2105,54.6
20,7,2013,All Students,3663,314,981,26.8,1092,29.8,878,24,712,19.4,1590,43.4
20,7,2014,All Students,3446,317,778,22.6,1013,29.4,894,25.9,761,22.1,1655,48
20,7,2015,All Students,3574,321,716,20,995,27.8,972,27.2,891,24.9,1863,52.1
20,7,2016,All Students,3753,325,716,19.1,950,25.3,882,23.5,1205,32.1,2087,55.6
20,8,2013,All Students,3563,315,766,21.5,1197,33.6,897,25.2,703,19.7,1600,44.9
20,8,2014,All Students,3279,315,679,20.7,1114,34,879,26.8,607,18.5,1486,45.3
20,8,2015,All Students,3067,317,606,19.8,1075,35.1,717,23.4,669,21.8,1386,45.2
20,8,2016,All Students,3411,322,610,17.9,1019,29.9,809,23.7,973,28.5,1782,52.2
20,All Grades,2013,All Students,21234,314,4536,21.4,6536,30.8,5405,25.5,4757,22.4,10162,47.9
20,All Grades,2014,All Students,21367,319,3910,18.3,6022,28.2,5672,26.5,5763,27,11435,53.5
20,All Grades,2015,All Students,21999,320,3925,17.8,5972,27.1,5754,26.2,6348,28.9,12102,55
20,All Grades,2016,All Students,23044,322,4064,17.6,6082,26.4,5461,23.7,7437,32.3,12898,56
21,3,2013,All Students,2130,303,616,28.9,714,33.5,472,22.2,328,15.4,800,37.6
21,3,2014,All Students,2120,309,513,24.2,608,28.7,569,26.8,430,20.3,999,47.1
21,3,2015,All Students,2118,306,541,25.5,664,31.4,507,23.9,406,19.2,913,43.1
21,3,2016,All Students,2282,309,509,22.3,734,32.2,519,22.7,520,22.8,1039,45.5
21,4,2013,All Students,1926,308,439,22.8,634,32.9,509,26.4,344,17.9,853,44.3
21,4,2014,All Students,2099,311,493,23.5,618,29.4,477,22.7,511,24.3,988,47.1
21,4,2015,All Students,2126,310,496,23.3,641,30.2,464,21.8,525,24.7,989,46.5
21,4,2016,All Students,2111,309,534,25.3,563,26.7,504,23.9,510,24.2,1014,48
21,5,2013,All Students,1881,309,574,30.5,533,28.3,497,26.4,277,14.7,774,41.1
21,5,2014,All Students,1910,318,397,20.8,520,27.2,558,29.2,435,22.8,993,52
21,5,2015,All Students,2023,317,463,22.9,535,26.4,585,28.9,440,21.7,1025,50.7
21,5,2016,All Students,2121,313,594,28,576,27.2,546,25.7,405,19.1,951,44.8
21,6,2013,All Students,2685,316,475,17.7,911,33.9,577,21.5,722,26.9,1299,48.4
21,6,2014,All Students,2669,322,388,14.5,734,27.5,618,23.2,929,34.8,1547,58
21,6,2015,All Students,2710,319,472,17.4,791,29.2,621,22.9,826,30.5,1447,53.4
21,6,2016,All Students,2804,320,486,17.3,791,28.2,513,18.3,1014,36.2,1527,54.5
21,7,2013,All Students,2649,312,784,29.6,795,30,584,22,486,18.3,1070,40.4
21,7,2014,All Students,2677,319,566,21.1,741,27.7,758,28.3,612,22.9,1370,51.2
21,7,2015,All Students,2705,323,476,17.6,715,26.4,735,27.2,779,28.8,1514,56
21,7,2016,All Students,2765,322,533,19.3,782,28.3,696,25.2,754,27.3,1450,52.4
21,8,2013,All Students,2593,315,492,19,975,37.6,688,26.5,438,16.9,1126,43.4
21,8,2014,All Students,2070,308,554,26.8,727,35.1,449,21.7,340,16.4,789,38.1
21,8,2015,All Students,2270,315,507,22.3,785,34.6,501,22.1,477,21,978,43.1
21,8,2016,All Students,2394,318,473,19.8,741,31,542,22.6,638,26.6,1180,49.3
21,All Grades,2013,All Students,13864,311,3380,24.4,4562,32.9,3327,24,2595,18.7,5922,42.7
21,All Grades,2014,All Students,13545,315,2911,21.5,3948,29.1,3429,25.3,3257,24,6686,49.4
21,All Grades,2015,All Students,13952,316,2955,21.2,4131,29.6,3413,24.5,3453,24.7,6866,49.2
21,All Grades,2016,All Students,14477,316,3129,21.6,4187,28.9,3320,22.9,3841,26.5,7161,49.5
22,3,2013,All Students,2818,303,769,27.3,1019,36.2,664,23.6,366,13,1030,36.6
22,3,2014,All Students,2832,305,695,24.5,938,33.1,754,26.6,445,15.7,1199,42.3
22,3,2015,All Students,2829,307,670,23.7,912,32.2,714,25.2,533,18.8,1247,44.1
22,3,2016,All Students,2944,308,695,23.6,893,30.3,684,23.2,672,22.8,1356,46.1
22,4,2013,All Students,2826,305,671,23.7,969,34.3,728,25.8,458,16.2,1186,42
22,4,2014,All Students,2731,309,619,22.7,877,32.1,675,24.7,560,20.5,1235,45.2
22,4,2015,All Students,2795,306,724,25.9,866,31,647,23.1,558,20,1205,43.1
22,4,2016,All Students,2811,308,711,25.3,837,29.8,639,22.7,624,22.2,1263,44.9
22,5,2013,All Students,2893,306,986,34.1,890,30.8,669,23.1,348,12,1017,35.2
22,5,2014,All Students,2773,313,738,26.6,755,27.2,710,25.6,570,20.6,1280,46.2
22,5,2015,All Students,2640,313,700,26.5,730,27.7,740,28,470,17.8,1210,45.8
22,5,2016,All Students,2721,311,722,26.5,846,31.1,688,25.3,465,17.1,1153,42.4
22,6,2013,All Students,2350,302,681,29,870,37,407,17.3,392,16.7,799,34
22,6,2014,All Students,2247,304,628,27.9,806,35.9,385,17.1,428,19,813,36.2
22,6,2015,All Students,2167,304,639,29.5,723,33.4,375,17.3,430,19.8,805,37.1
22,6,2016,All Students,2102,305,547,26,746,35.5,383,18.2,426,20.3,809,38.5
22,7,2013,All Students,2356,301,930,39.5,738,31.3,422,17.9,266,11.3,688,29.2
22,7,2014,All Students,2328,304,831,35.7,725,31.1,481,20.7,291,12.5,772,33.2
22,7,2015,All Students,2230,306,726,32.6,734,32.9,444,19.9,326,14.6,770,34.5
22,7,2016,All Students,2168,309,668,30.8,690,31.8,417,19.2,393,18.1,810,37.4
22,8,2013,All Students,2379,301,748,31.4,945,39.7,468,19.7,218,9.2,686,28.8
22,8,2014,All Students,2186,303,683,31.2,822,37.6,394,18,287,13.1,681,31.2
22,8,2015,All Students,2244,304,686,30.6,840,37.4,402,17.9,316,14.1,718,32
22,8,2016,All Students,1918,304,638,33.3,620,32.3,330,17.2,330,17.2,660,34.4
22,All Grades,2013,All Students,15622,303,4785,30.6,5431,34.8,3358,21.5,2048,13.1,5406,34.6
22,All Grades,2014,All Students,15097,307,4194,27.8,4923,32.6,3399,22.5,2581,17.1,5980,39.6
22,All Grades,2015,All Students,14905,307,4145,27.8,4805,32.2,3322,22.3,2633,17.7,5955,40
22,All Grades,2016,All Students,14664,308,3981,27.1,4632,31.6,3141,21.4,2910,19.8,6051,41.3
23,3,2013,All Students,924,279,509,55.1,296,32,102,11,17,1.8,119,12.9
23,3,2014,All Students,768,280,402,52.3,238,31,109,14.2,19,2.5,128,16.7
23,3,2015,All Students,748,281,414,55.3,189,25.3,104,13.9,41,5.5,145,19.4
23,3,2016,All Students,739,286,337,45.6,238,32.2,97,13.1,67,9.1,164,22.2
23,4,2013,All Students,903,272,563,62.3,258,28.6,69,7.6,13,1.4,82,9.1
23,4,2014,All Students,912,274,541,59.3,260,28.5,90,9.9,21,2.3,111,12.2
23,4,2015,All Students,742,268,478,64.4,181,24.4,65,8.8,18,2.4,83,11.2
23,4,2016,All Students,749,277,417,55.7,207,27.6,89,11.9,36,4.8,125,16.7
23,5,2013,All Students,839,278,562,67,208,24.8,60,7.2,9,1.1,69,8.2
23,5,2014,All Students,748,280,481,64.3,172,23,65,8.7,30,4,95,12.7
23,5,2015,All Students,801,282,483,60.3,224,28,80,10,14,1.7,94,11.7
23,5,2016,All Students,668,274,453,67.8,149,22.3,55,8.2,11,1.6,66,9.9
23,6,2013,All Students,1030,284,487,47.3,384,37.3,127,12.3,32,3.1,159,15.4
23,6,2014,All Students,1008,283,476,47.2,388,38.5,111,11,33,3.3,144,14.3
23,6,2015,All Students,862,282,423,49.1,302,35,102,11.8,35,4.1,137,15.9
23,6,2016,All Students,900,283,394,43.8,363,40.3,102,11.3,41,4.6,143,15.9
23,7,2013,All Students,1186,282,726,61.2,332,28,118,9.9,10,0.8,128,10.8
23,7,2014,All Students,999,287,549,55,302,30.2,127,12.7,21,2.1,148,14.8
23,7,2015,All Students,979,284,538,55,323,33,98,10,20,2,118,12.1
23,7,2016,All Students,854,287,452,52.9,267,31.3,105,12.3,30,3.5,135,15.8
23,8,2013,All Students,1159,279,652,56.3,388,33.5,97,8.4,22,1.9,119,10.3
23,8,2014,All Students,1148,283,578,50.3,393,34.2,143,12.5,34,3,177,15.4
23,8,2015,All Students,930,280,509,54.7,338,36.3,67,7.2,16,1.7,83,8.9
23,8,2016,All Students,788,275,451,57.2,259,32.9,62,7.9,16,2,78,9.9
23,All Grades,2013,All Students,6041,279,3499,57.9,1866,30.9,573,9.5,103,1.7,676,11.2
23,All Grades,2014,All Students,5583,281,3027,54.2,1753,31.4,645,11.6,158,2.8,803,14.4
23,All Grades,2015,All Students,5062,280,2845,56.2,1557,30.8,516,10.2,144,2.8,660,13
23,All Grades,2016,All Students,4698,280,2504,53.3,1483,31.6,510,10.9,201,4.3,711,15.1
24,3,2013,All Students,4937,304,1281,25.9,1806,36.6,1145,23.2,705,14.3,1850,37.5
24,3,2014,All Students,4957,306,1151,23.2,1648,33.2,1421,28.7,737,14.9,2158,43.5
24,3,2015,All Students,4909,304,1318,26.8,1642,33.4,1154,23.5,795,16.2,1949,39.7
24,3,2016,All Students,5022,306,1227,24.4,1674,33.3,1150,22.9,971,19.3,2121,42.2
24,4,2013,All Students,4660,305,1116,23.9,1670,35.8,1185,25.4,689,14.8,1874,40.2
24,4,2014,All Students,4818,308,1113,23.1,1574,32.7,1168,24.2,963,20,2131,44.2
24,4,2015,All Students,4870,307,1121,23,1659,34.1,1167,24,923,19,2090,42.9
24,4,2016,All Students,4871,306,1273,26.1,1448,29.7,1088,22.3,1062,21.8,2150,44.1
24,5,2013,All Students,4449,305,1537,34.5,1399,31.4,1048,23.6,465,10.5,1513,34
24,5,2014,All Students,4529,312,1248,27.6,1325,29.3,1174,25.9,782,17.3,1956,43.2
24,5,2015,All Students,4612,314,1131,24.5,1322,28.7,1293,28,866,18.8,2159,46.8
24,5,2016,All Students,4739,311,1308,27.6,1448,30.6,1219,25.7,764,16.1,1983,41.8
24,6,2013,All Students,4091,303,1039,25.4,1766,43.2,684,16.7,602,14.7,1286,31.4
24,6,2014,All Students,4008,306,959,23.9,1500,37.4,808,20.2,741,18.5,1549,38.6
24,6,2015,All Students,4109,307,1046,25.5,1480,36,775,18.9,808,19.7,1583,38.5
24,6,2016,All Students,4210,309,910,21.6,1556,37,780,18.5,964,22.9,1744,41.4
24,7,2013,All Students,4160,303,1469,35.3,1451,34.9,838,20.1,402,9.7,1240,29.8
24,7,2014,All Students,4268,309,1204,28.2,1470,34.4,1078,25.3,516,12.1,1594,37.3
24,7,2015,All Students,4138,311,1067,25.8,1368,33.1,1040,25.1,663,16,1703,41.2
24,7,2016,All Students,4182,310,1169,28,1355,32.4,933,22.3,725,17.3,1658,39.6
24,8,2013,All Students,4060,307,1049,25.8,1667,41.1,822,20.2,522,12.9,1344,33.1
24,8,2014,All Students,3554,304,934,26.3,1516,42.7,756,21.3,348,9.8,1104,31.1
24,8,2015,All Students,3589,303,1006,28,1554,43.3,695,19.4,334,9.3,1029,28.7
24,8,2016,All Students,3426,302,1019,29.7,1360,39.7,668,19.5,379,11.1,1047,30.6
24,All Grades,2013,All Students,26357,304,7491,28.4,9759,37,5722,21.7,3385,12.8,9107,34.6
24,All Grades,2014,All Students,26134,308,6609,25.3,9033,34.6,6405,24.5,4087,15.6,10492,40.1
24,All Grades,2015,All Students,26227,308,6689,25.5,9025,34.4,6124,23.3,4389,16.7,10513,40.1
24,All Grades,2016,All Students,26450,307,6906,26.1,8841,33.4,5838,22.1,4865,18.4,10703,40.5
25,3,2013,All Students,2723,319,382,14,814,29.9,800,29.4,727,26.7,1527,56.1
25,3,2014,All Students,2679,320,362,13.5,669,25,877,32.7,771,28.8,1648,61.5
25,3,2015,All Students,2767,319,388,14,793,28.7,787,28.4,799,28.9,1586,57.3
25,3,2016,All Students,2967,323,340,11.5,802,27,758,25.5,1067,36,1825,61.5
25,4,2013,All Students,2478,321,307,12.4,686,27.7,729,29.4,756,30.5,1485,59.9
25,4,2014,All Students,2630,324,304,11.6,678,25.8,772,29.4,876,33.3,1648,62.7
25,4,2015,All Students,2655,324,315,11.9,659,24.8,737,27.8,944,35.6,1681,63.3
25,4,2016,All Students,2732,323,394,14.4,629,23,729,26.7,980,35.9,1709,62.6
25,5,2013,All Students,2463,321,480,19.5,685,27.8,734,29.8,564,22.9,1298,52.7
25,5,2014,All Students,2498,328,348,13.9,593,23.7,784,31.4,773,30.9,1557,62.3
25,5,2015,All Students,2585,331,305,11.8,573,22.2,821,31.8,886,34.3,1707,66
25,5,2016,All Students,2660,329,363,13.6,611,23,815,30.6,871,32.7,1686,63.4
25,6,2013,All Students,2440,318,375,15.4,820,33.6,534,21.9,711,29.1,1245,51
25,6,2014,All Students,2449,324,308,12.6,691,28.2,581,23.7,869,35.5,1450,59.2
25,6,2015,All Students,2487,322,345,13.9,730,29.4,575,23.1,837,33.7,1412,56.8
25,6,2016,All Students,2636,325,346,13.1,726,27.5,542,20.6,1022,38.8,1564,59.3
25,7,2013,All Students,2566,317,540,21,830,32.3,748,29.2,448,17.5,1196,46.6
25,7,2014,All Students,2439,320,462,18.9,721,29.6,740,30.3,516,21.2,1256,51.5
25,7,2015,All Students,2445,324,396,16.2,686,28.1,693,28.3,670,27.4,1363,55.7
25,7,2016,All Students,2502,326,390,15.6,685,27.4,679,27.1,748,29.9,1427,57
25,8,2013,All Students,2501,316,453,18.1,934,37.3,633,25.3,481,19.2,1114,44.5
25,8,2014,All Students,1937,310,420,21.7,745,38.5,535,27.6,237,12.2,772,39.9
25,8,2015,All Students,2008,316,413,20.6,711,35.4,464,23.1,420,20.9,884,44
25,8,2016,All Students,1862,319,344,18.5,612,32.9,464,24.9,442,23.7,906,48.7
25,All Grades,2013,All Students,15171,319,2537,16.7,4769,31.4,4178,27.5,3687,24.3,7865,51.8
25,All Grades,2014,All Students,14632,322,2204,15.1,4097,28,4289,29.3,4042,27.6,8331,56.9
25,All Grades,2015,All Students,14947,323,2162,14.5,4152,27.8,4077,27.3,4556,30.5,8633,57.8
25,All Grades,2016,All Students,15359,324,2177,14.2,4065,26.5,3987,26,5130,33.4,9117,59.4
26,3,2013,All Students,1781,329,123,6.9,406,22.8,622,34.9,630,35.4,1252,70.3
26,3,2014,All Students,1696,332,92,5.4,333,19.6,588,34.7,683,40.3,1271,74.9
26,3,2015,All Students,1700,332,115,6.8,348,20.5,500,29.4,737,43.4,1237,72.8
26,3,2016,All Students,1909,333,115,6,394,20.6,537,28.1,863,45.2,1400,73.3
26,4,2013,All Students,1699,331,107,6.3,337,19.8,545,32.1,710,41.8,1255,73.9
26,4,2014,All Students,1822,337,97,5.3,336,18.4,535,29.4,854,46.9,1389,76.2
26,4,2015,All Students,1709,334,95,5.6,348,20.4,468,27.4,798,46.7,1266,74.1
26,4,2016,All Students,1751,339,115,6.6,268,15.3,439,25.1,929,53.1,1368,78.1
26,5,2013,All Students,1695,333,158,9.3,389,22.9,545,32.2,603,35.6,1148,67.7
26,5,2014,All Students,1739,341,114,6.6,284,16.3,532,30.6,809,46.5,1341,77.1
26,5,2015,All Students,1835,341,119,6.5,285,15.5,605,33,826,45,1431,78
26,5,2016,All Students,1734,338,155,8.9,331,19.1,496,28.6,752,43.4,1248,72
26,6,2013,All Students,1867,330,134,7.2,522,28,468,25.1,743,39.8,1211,64.9
26,6,2014,All Students,1934,335,119,6.2,425,22,457,23.6,933,48.2,1390,71.9
26,6,2015,All Students,1887,334,155,8.2,392,20.8,476,25.2,864,45.8,1340,71
26,6,2016,All Students,1964,335,140,7.1,425,21.6,432,22,967,49.2,1399,71.2
26,7,2013,All Students,1952,328,226,11.6,515,26.4,660,33.8,551,28.2,1211,62
26,7,2014,All Students,1884,333,155,8.2,449,23.8,647,34.3,633,33.6,1280,67.9
26,7,2015,All Students,1831,334,160,8.7,404,22.1,617,33.7,650,35.5,1267,69.2
26,7,2016,All Students,1827,335,180,9.9,365,20,570,31.2,712,39,1282,70.2
26,8,2013,All Students,1886,328,147,7.8,594,31.5,651,34.5,494,26.2,1145,60.7
26,8,2014,All Students,1297,322,139,10.7,478,36.9,441,34,239,18.4,680,52.4
26,8,2015,All Students,1000,318,127,12.7,411,41.1,297,29.7,165,16.5,462,46.2
26,8,2016,All Students,1088,321,153,14.1,383,35.2,284,26.1,268,24.6,552,50.7
26,All Grades,2013,All Students,10880,330,895,8.2,2763,25.4,3491,32.1,3731,34.3,7222,66.4
26,All Grades,2014,All Students,10372,334,716,6.9,2305,22.2,3200,30.9,4151,40,7351,70.9
26,All Grades,2015,All Students,9962,333,771,7.7,2188,22,2963,29.7,4040,40.6,7003,70.3
26,All Grades,2016,All Students,10273,334,858,8.4,2166,21.1,2758,26.8,4491,43.7,7249,70.6
27,3,2013,All Students,3514,299,1059,30.1,1339,38.1,711,20.2,405,11.5,1116,31.8
27,3,2014,All Students,3542,302,974,27.5,1224,34.6,931,26.3,413,11.7,1344,37.9
27,3,2015,All Students,3513,302,988,28.1,1219,34.7,840,23.9,466,13.3,1306,37.2
27,3,2016,All Students,3714,303,940,25.3,1360,36.6,809,21.8,605,16.3,1414,38.1
27,4,2013,All Students,3577,302,971,27.1,1296,36.2,812,22.7,498,13.9,1310,36.6
27,4,2014,All Students,3534,305,940,26.6,1132,32,813,23,649,18.4,1462,41.4
27,4,2015,All Students,3510,304,947,27,1081,30.8,838,23.9,644,18.3,1482,42.2
27,4,2016,All Students,3581,303,1049,29.3,1027,28.7,825,23,680,19,1505,42
27,5,2013,All Students,3496,300,1404,40.2,1081,30.9,710,20.3,301,8.6,1011,28.9
27,5,2014,All Students,3635,307,1161,31.9,1063,29.2,862,23.7,549,15.1,1411,38.8
27,5,2015,All Students,3489,306,1130,32.4,965,27.7,919,26.3,475,13.6,1394,40
27,5,2016,All Students,3534,306,1108,31.4,1136,32.1,850,24.1,440,12.5,1290,36.5
27,6,2013,All Students,3783,302,1039,27.5,1549,40.9,644,17,551,14.6,1195,31.6
27,6,2014,All Students,3662,299,1181,32.3,1318,36,606,16.5,557,15.2,1163,31.8
27,6,2015,All Students,3698,303,1101,29.8,1250,33.8,718,19.4,629,17,1347,36.4
27,6,2016,All Students,3582,300,1029,28.7,1411,39.4,549,15.3,593,16.6,1142,31.9
27,7,2013,All Students,3667,298,1476,40.3,1205,32.9,751,20.5,235,6.4,986,26.9
27,7,2014,All Students,3768,301,1439,38.2,1167,31,849,22.5,313,8.3,1162,30.8
27,7,2015,All Students,3615,301,1356,37.5,1156,32,737,20.4,366,10.1,1103,30.5
27,7,2016,All Students,3664,302,1332,36.4,1172,32,736,20.1,424,11.6,1160,31.7
27,8,2013,All Students,3683,298,1319,35.8,1364,37,660,17.9,340,9.2,1000,27.2
27,8,2014,All Students,2698,288,1122,41.6,1182,43.8,322,11.9,72,2.7,394,14.6
27,8,2015,All Students,2677,288,1187,44.3,1109,41.4,312,11.7,69,2.6,381,14.2
27,8,2016,All Students,2540,284,1204,47.4,1003,39.5,268,10.6,65,2.6,333,13.1
27,All Grades,2013,All Students,21720,300,7268,33.5,7834,36.1,4288,19.7,2330,10.7,6618,30.5
27,All Grades,2014,All Students,20839,301,6817,32.7,7086,34,4383,21,2553,12.3,6936,33.3
27,All Grades,2015,All Students,20502,301,6709,32.7,6780,33.1,4364,21.3,2649,12.9,7013,34.2
27,All Grades,2016,All Students,20615,300,6662,32.3,7109,34.5,4037,19.6,2807,13.6,6844,33.2
28,3,2013,All Students,2685,302,809,30.1,882,32.8,575,21.4,419,15.6,994,37
28,3,2014,All Students,2720,305,740,27.2,833,30.6,648,23.8,499,18.3,1147,42.2
28,3,2015,All Students,2755,307,736,26.7,824,29.9,638,23.2,557,20.2,1195,43.4
28,3,2016,All Students,2757,310,590,21.4,897,32.5,652,23.6,618,22.4,1270,46.1
28,4,2013,All Students,2678,303,719,26.8,938,35,643,24,378,14.1,1021,38.1
28,4,2014,All Students,2589,311,619,23.9,759,29.3,567,21.9,644,24.9,1211,46.8
28,4,2015,All Students,2650,307,675,25.5,829,31.3,596,22.5,550,20.8,1146,43.2
28,4,2016,All Students,2667,309,670,25.1,745,27.9,599,22.5,653,24.5,1252,46.9
28,5,2013,All Students,2550,303,1006,39.5,684,26.8,524,20.5,336,13.2,860,33.7
28,5,2014,All Students,2601,313,685,26.3,766,29.5,618,23.8,532,20.5,1150,44.2
28,5,2015,All Students,2493,313,669,26.8,673,27,632,25.4,519,20.8,1151,46.2
28,5,2016,All Students,2578,310,771,29.9,777,30.1,570,22.1,460,17.8,1030,40
28,6,2013,All Students,2418,304,689,28.5,876,36.2,408,16.9,445,18.4,853,35.3
28,6,2014,All Students,2409,309,641,26.6,730,30.3,437,18.1,601,24.9,1038,43.1
28,6,2015,All Students,2418,309,644,26.6,743,30.7,454,18.8,577,23.9,1031,42.6
28,6,2016,All Students,2401,309,597,24.9,788,32.8,375,15.6,641,26.7,1016,42.3
28,7,2013,All Students,2440,300,974,39.9,769,31.5,455,18.6,242,9.9,697,28.6
28,7,2014,All Students,2369,304,838,35.4,739,31.2,518,21.9,274,11.6,792,33.4
28,7,2015,All Students,2388,308,753,31.5,716,30,527,22.1,392,16.4,919,38.5
28,7,2016,All Students,2409,309,754,31.3,721,29.9,520,21.6,414,17.2,934,38.8
28,8,2013,All Students,2340,300,796,34,877,37.5,431,18.4,236,10.1,667,28.5
28,8,2014,All Students,1797,294,722,40.2,659,36.7,268,14.9,148,8.2,416,23.1
28,8,2015,All Students,1550,297,609,39.3,524,33.8,244,15.7,173,11.2,417,26.9
28,8,2016,All Students,1548,295,606,39.1,528,34.1,244,15.8,170,11,414,26.7
28,All Grades,2013,All Students,15111,302,4993,33,5026,33.3,3036,20.1,2056,13.6,5092,33.7
28,All Grades,2014,All Students,14485,307,4245,29.3,4486,31,3056,21.1,2698,18.6,5754,39.7
28,All Grades,2015,All Students,14254,308,4086,28.7,4309,30.2,3091,21.7,2768,19.4,5859,41.1
28,All Grades,2016,All Students,14360,308,3988,27.8,4456,31,2960,20.6,2956,20.6,5916,41.2
29,3,2013,All Students,2544,294,894,35.1,955,37.5,506,19.9,189,7.4,695,27.3
29,3,2014,All Students,2497,296,849,34,863,34.6,547,21.9,238,9.5,785,31.4
29,3,2015,All Students,2500,299,799,32,881,35.2,514,20.6,306,12.2,820,32.8
29,3,2016,All Students,2569,300,735,28.6,942,36.7,536,20.9,356,13.9,892,34.7
29,4,2013,All Students,2525,293,938,37.1,876,34.7,490,19.4,221,8.8,711,28.2
29,4,2014,All Students,2464,299,806,32.7,815,33.1,489,19.8,354,14.4,843,34.2
29,4,2015,All Students,2406,295,820,34.1,826,34.3,468,19.5,292,12.1,760,31.6
29,4,2016,All Students,2516,297,861,34.2,804,32,492,19.6,359,14.3,851,33.8
29,5,2013,All Students,2603,292,1312,50.4,747,28.7,420,16.1,124,4.8,544,20.9
29,5,2014,All Students,2467,303,896,36.3,745,30.2,546,22.1,280,11.3,826,33.5
29,5,2015,All Students,2387,302,864,36.2,721,30.2,546,22.9,256,10.7,802,33.6
29,5,2016,All Students,2385,302,868,36.4,763,32,493,20.7,261,10.9,754,31.6
29,6,2013,All Students,2432,289,945,38.9,1061,43.6,312,12.8,114,4.7,426,17.5
29,6,2014,All Students,2253,288,965,42.8,833,37,313,13.9,142,6.3,455,20.2
29,6,2015,All Students,2195,288,956,43.6,802,36.5,296,13.5,141,6.4,437,19.9
29,6,2016,All Students,2268,288,893,39.4,871,38.4,327,14.4,177,7.8,504,22.2
29,7,2013,All Students,2522,287,1394,55.3,808,32,234,9.3,86,3.4,320,12.7
29,7,2014,All Students,2428,291,1203,49.5,844,34.8,321,13.2,60,2.5,381,15.7
29,7,2015,All Students,2241,290,1100,49.1,759,33.9,302,13.5,80,3.6,382,17
29,7,2016,All Students,2227,289,1106,49.7,742,33.3,282,12.7,97,4.4,379,17
29,8,2013,All Students,2538,290,1070,42.2,1099,43.3,295,11.6,74,2.9,369,14.5
29,8,2014,All Students,2407,290,1024,42.5,974,40.5,283,11.8,126,5.2,409,17
29,8,2015,All Students,2232,286,1123,50.3,813,36.4,224,10,72,3.2,296,13.3
29,8,2016,All Students,1829,281,974,53.3,673,36.8,136,7.4,46,2.5,182,10
29,All Grades,2013,All Students,15164,291,6553,43.2,5546,36.6,2257,14.9,808,5.3,3065,20.2
29,All Grades,2014,All Students,14516,295,5743,39.6,5074,35,2499,17.2,1200,8.3,3699,25.5
29,All Grades,2015,All Students,13961,294,5662,40.6,4802,34.4,2350,16.8,1147,8.2,3497,25
29,All Grades,2016,All Students,13794,294,5437,39.4,4795,34.8,2266,16.4,1296,9.4,3562,25.8
30,3,2013,All Students,2990,302,859,28.7,1088,36.4,634,21.2,409,13.7,1043,34.9
30,3,2014,All Students,3087,305,780,25.3,1004,32.5,835,27,468,15.2,1303,42.2
30,3,2015,All Students,3093,307,784,25.3,980,31.7,743,24,586,18.9,1329,43
30,3,2016,All Students,3189,309,674,21.1,1120,35.1,748,23.5,647,20.3,1395,43.7
30,4,2013,All Students,3073,304,777,25.3,1106,36,719,23.4,471,15.3,1190,38.7
30,4,2014,All Students,2884,308,720,25,902,31.3,669,23.2,593,20.6,1262,43.8
30,4,2015,All Students,3038,308,690,22.7,1005,33.1,723,23.8,620,20.4,1343,44.2
30,4,2016,All Students,2988,310,709,23.7,875,29.3,678,22.7,726,24.3,1404,47
30,5,2013,All Students,3035,304,1119,36.9,905,29.8,665,21.9,346,11.4,1011,33.3
30,5,2014,All Students,3111,311,839,27,986,31.7,755,24.3,531,17.1,1286,41.3
30,5,2015,All Students,2851,313,751,26.3,794,27.8,763,26.8,543,19,1306,45.8
30,5,2016,All Students,3027,310,830,27.4,954,31.5,723,23.9,520,17.2,1243,41.1
30,6,2013,All Students,3349,306,821,24.5,1299,38.8,695,20.8,534,15.9,1229,36.7
30,6,2014,All Students,3354,308,810,24.2,1151,34.3,678,20.2,715,21.3,1393,41.5
30,6,2015,All Students,3352,311,723,21.6,1134,33.8,738,22,757,22.6,1495,44.6
30,6,2016,All Students,3149,312,649,20.6,1047,33.2,604,19.2,849,27,1453,46.1
30,7,2013,All Students,3244,306,1055,32.5,1110,34.2,718,22.1,361,11.1,1079,33.3
30,7,2014,All Students,3228,309,965,29.9,1046,32.4,812,25.2,405,12.5,1217,37.7
30,7,2015,All Students,3168,312,834,26.3,994,31.4,808,25.5,532,16.8,1340,42.3
30,7,2016,All Students,3238,313,858,26.5,1034,31.9,745,23,601,18.6,1346,41.6
30,8,2013,All Students,3004,308,698,23.2,1235,41.1,722,24,349,11.6,1071,35.7
30,8,2014,All Students,2878,306,710,24.7,1193,41.5,714,24.8,261,9.1,975,33.9
30,8,2015,All Students,2810,308,651,23.2,1211,43.1,634,22.6,314,11.2,948,33.7
30,8,2016,All Students,2849,309,715,25.1,1069,37.5,603,21.2,462,16.2,1065,37.4
30,All Grades,2013,All Students,18695,305,5329,28.5,6743,36.1,4153,22.2,2470,13.2,6623,35.4
30,All Grades,2014,All Students,18542,308,4824,26,6282,33.9,4463,24.1,2973,16,7436,40.1
30,All Grades,2015,All Students,18312,310,4433,24.2,6118,33.4,4409,24.1,3352,18.3,7761,42.4
30,All Grades,2016,All Students,18440,310,4435,24.1,6099,33.1,4101,22.2,3805,20.6,7906,42.9
31,3,2013,All Students,4626,303,1218,26.3,1678,36.3,1094,23.6,636,13.7,1730,37.4
31,3,2014,All Students,4528,306,1156,25.5,1409,31.1,1227,27.1,736,16.3,1963,43.4
31,3,2015,All Students,4611,304,1270,27.5,1494,32.4,1108,24,739,16,1847,40.1
31,3,2016,All Students,4636,306,1147,24.7,1456,31.4,1057,22.8,976,21.1,2033,43.9
31,4,2013,All Students,4725,304,1182,25,1617,34.2,1216,25.7,710,15,1926,40.8
31,4,2014,All Students,4546,307,1079,23.7,1484,32.6,1160,25.5,823,18.1,1983,43.6
31,4,2015,All Students,4450,306,1102,24.8,1421,31.9,1054,23.7,873,19.6,1927,43.3
31,4,2016,All Students,4606,306,1174,25.5,1355,29.4,1197,26,880,19.1,2077,45.1
31,5,2013,All Students,4618,304,1591,34.5,1492,32.3,1084,23.5,451,9.8,1535,33.2
31,5,2014,All Students,4746,310,1327,28,1409,29.7,1253,26.4,757,16,2010,42.4
31,5,2015,All Students,4510,312,1112,24.7,1359,30.1,1272,28.2,767,17,2039,45.2
31,5,2016,All Students,4426,310,1263,28.5,1313,29.7,1088,24.6,762,17.2,1850,41.8
31,6,2013,All Students,4117,300,1207,29.3,1604,39,730,17.7,576,14,1306,31.7
31,6,2014,All Students,4270,305,1115,26.1,1484,34.8,899,21.1,772,18.1,1671,39.1
31,6,2015,All Students,4257,304,1197,28.1,1479,34.7,783,18.4,798,18.7,1581,37.1
31,6,2016,All Students,4111,306,1042,25.3,1448,35.2,731,17.8,890,21.6,1621,39.4
31,7,2013,All Students,4296,301,1515,35.3,1538,35.8,932,21.7,311,7.2,1243,28.9
31,7,2014,All Students,4110,307,1304,31.7,1320,32.1,967,23.5,519,12.6,1486,36.2
31,7,2015,All Students,4191,308,1209,28.8,1407,33.6,1015,24.2,560,13.4,1575,37.6
31,7,2016,All Students,4172,308,1295,31,1295,31,922,22.1,660,15.8,1582,37.9
31,8,2013,All Students,4224,302,1209,28.6,1791,42.4,890,21.1,334,7.9,1224,29
31,8,2014,All Students,3845,300,1152,30,1586,41.2,860,22.4,247,6.4,1107,28.8
31,8,2015,All Students,3320,297,1158,34.9,1331,40.1,612,18.4,219,6.6,831,25
31,8,2016,All Students,3268,296,1160,35.5,1260,38.6,599,18.3,249,7.6,848,25.9
31,All Grades,2013,All Students,26606,303,7922,29.8,9720,36.5,5946,22.3,3018,11.3,8964,33.7
31,All Grades,2014,All Students,26045,306,7133,27.4,8692,33.4,6366,24.4,3854,14.8,10220,39.2
31,All Grades,2015,All Students,25339,305,7048,27.8,8491,33.5,5844,23.1,3956,15.6,9800,38.7
31,All Grades,2016,All Students,25219,306,7081,28.1,8127,32.2,5594,22.2,4417,17.5,10011,39.7
32,3,2013,All Students,1275,285,578,45.3,488,38.3,160,12.5,49,3.8,209,16.4
32,3,2014,All Students,1119,291,451,40.3,388,34.7,206,18.4,74,6.6,280,25
32,3,2015,All Students,1057,290,456,43.1,353,33.4,170,16.1,78,7.4,248,23.5
32,3,2016,All Students,993,290,379,38.2,387,39,156,15.7,71,7.2,227,22.9
32,4,2013,All Students,1164,287,496,42.6,441,37.9,182,15.6,45,3.9,227,19.5
32,4,2014,All Students,1175,287,508,43.2,422,35.9,166,14.1,79,6.7,245,20.9
32,4,2015,All Students,1052,287,436,41.4,380,36.1,166,15.8,70,6.7,236,22.4
32,4,2016,All Students,995,288,428,43,314,31.6,183,18.4,70,7,253,25.4
32,5,2013,All Students,1202,289,649,54,369,30.7,155,12.9,29,2.4,184,15.3
32,5,2014,All Students,1133,299,438,38.7,397,35,219,19.3,79,7,298,26.3
32,5,2015,All Students,1082,296,477,44.1,336,31.1,202,18.7,67,6.2,269,24.9
32,5,2016,All Students,1007,290,495,49.2,325,32.3,152,15.1,35,3.5,187,18.6
32,6,2013,All Students,1345,286,569,42.3,593,44.1,141,10.5,42,3.1,183,13.6
32,6,2014,All Students,1228,291,471,38.4,472,38.4,195,15.9,90,7.3,285,23.2
32,6,2015,All Students,1124,292,421,37.5,404,35.9,197,17.5,102,9.1,299,26.6
32,6,2016,All Students,1128,289,445,39.5,430,38.1,149,13.2,104,9.2,253,22.4
32,7,2013,All Students,1322,285,735,55.6,424,32.1,136,10.3,27,2,163,12.3
32,7,2014,All Students,1270,289,627,49.4,452,35.6,165,13,26,2,191,15
32,7,2015,All Students,1190,293,521,43.8,446,37.5,181,15.2,42,3.5,223,18.7
32,7,2016,All Students,1091,291,500,45.8,361,33.1,174,15.9,56,5.1,230,21.1
32,8,2013,All Students,1304,284,650,49.8,456,35,151,11.6,47,3.6,198,15.2
32,8,2014,All Students,1017,283,505,49.7,410,40.3,85,8.4,17,1.7,102,10
32,8,2015,All Students,1075,282,548,51,449,41.8,68,6.3,10,0.9,78,7.3
32,8,2016,All Students,1012,284,483,47.7,419,41.4,84,8.3,26,2.6,110,10.9
32,All Grades,2013,All Students,7612,286,3677,48.3,2771,36.4,925,12.2,239,3.1,1164,15.3
32,All Grades,2014,All Students,6942,290,3000,43.2,2541,36.6,1036,14.9,365,5.3,1401,20.2
32,All Grades,2015,All Students,6580,290,2859,43.4,2368,36,984,15,369,5.6,1353,20.6
32,All Grades,2016,All Students,6226,289,2730,43.8,2236,35.9,898,14.4,362,5.8,1260,20.2